"path","sha256"
".agent/skills/api-designer/scripts/api_gen.py","A8EE3DFE7AA64911276DBCE322DFED568A12C6EFD4D43268F695FF937089E45A"
".agent/skills/architecture-auditor/scripts/auditor.py","5F1BC75E471520C38CAAB4D0B6EB5A64FB130B97C03F9F15AF5E805FC37D1DD6"
".agent/skills/brain-manager/scripts/brain.py","AEFF5223A90103AA751515C161257B85CE4B20EFDCE00F3BA7C6BB55D9810C15"
".agent/skills/ci-cd-setup/scripts/ci_gen.py","A171F95E91A0FE1E9C910E2BE479A6CEF0167B7567A49CC9E0F9DD4FF4B09479"
".agent/skills/codebase-navigator/scripts/navigator.py","7ACB4D25143497C55D1E008AC4C93DD5F6EA5C53A00BF34E5CC031365CE9CFEB"
".agent/skills/code-reviewer/scripts/reviewer.py","F8D4E4483F1C763EC2F2871CF7FE21760B713547B2274D7AA12320EEB407F398"
".agent/skills/color-palette-generator/scripts/palette.py","A03124C865C6FEADC40ECE90EB5341F03CC5D4BFC67C0E3A7194AA8900539979"
".agent/skills/context-manager/scripts/minify.py","F163B21C8799FFDE66F8F7C044F6778AD57EB7BDD8F9289101171B46C2C2711D"
".agent/skills/context-router/scripts/context_router.py","F7F26E5C02334C5C8543C03B3AF2505F9E77331ACE9B5DF473069B3CAA4D2199"
".agent/skills/db-designer/scripts/sql_gen.py","6BAF7D977CC410EA3C60B434B6F657FF96A6B9FE55C770003A1F48DE149A82D9"
".agent/skills/diff-applier/scripts/apply_patch.py","3D6EE63A2E465B488FF7050191AAB7486510DFC3A3341DB70094672AB367AF6B"
".agent/skills/docker-wizard/scripts/docker_gen.py","9E673111E185D9B8E7F1E5E37AD8F51199F8AFD56935457E77EBA9032C3BA111"
".agent/skills/env-manager/scripts/env_scanner.py","FA7FEF933D1FD0F1070AB7ACB12DC567C0FF858F2018DFC32819FBADEE3C61EB"
".agent/skills/git-manager/scripts/commit.py","E35067EA0B65F64690476C59F5B92CA0FDD24C1E26ACAFD161FF8477BDCFE8AD"
".agent/skills/git-manager/scripts/log.py","3BEAA44E52ECE27B10296D4C20F66BED388835361D2B01A6C0AB52F9CDBAC0D8"
".agent/skills/journal-manager/scripts/journal.py","EE38F57427765C23D38A2989B2F6EE98F2FA878096EC1116C85D4BD9F6E697F0"
".agent/skills/knowledge-guide/scripts/note_taker.py","3B9DD2CA7C44A248A343818E9F9A93019C2B901627502E5431FAC17A19D313A3"
".agent/skills/project-scaffolder/scripts/scaffold.py","69689A22EB8F18BC9F51E647348EFB2E74B34D93126A16F1D1463223F3F7D9FD"
".agent/skills/security-scanner/scripts/checklist_gen.py","7D602A56F46F506C2AF510EE1B0EC416D304E1044944D50B4D335B1F12CA5CFA"
".agent/skills/security-scanner/scripts/vuln_scan.py","4A23D47B1C07302BE1DD69CB8B621EC3371801FC93F7A83D844E90BD56184E6D"
".agent/skills/strategic-planning-advisor/scripts/strategy.py","EB1A1A8ECB703F6AB3B3C2B27FA138AB38E3B6B3F3997C97183FE7FE86D7E2DC"
".agent/skills/system-diagrammer/scripts/diagram.py","85CC1E3D491DEE9C0D60216129CBD08367BA089B5E2DCAECA137BFD70D575BEE"
".agent/skills/system-strategist/scripts/strategist.py","780D7C08D5D8C90D7A7F741B83AF28EEDE4A832BB9794C43CF7F8088018ADFA7"
".agent/skills/task-estimator/scripts/estimator.py","AAB4E001096AABAE72F79F8569E49AB749E591AE0D43404E486DCC108456F381"
".agent/skills/tech-stack-advisor/scripts/advisor.py","DEFF17EC83954614A8241FA6C6005FCF5201183365D41AB2E6A1CEB08F448325"
".agent/skills/tech-stack-advisor/scripts/scanner.py","E6DCB4693DF2377C1123DB769FD3DFA30353F3153C2B22999A1FD6D2F76B7787"
".agent/skills/test-generator/scripts/gen_skeleton.py","3AF102DFB142B9F346E7CEABC38B73701FE1820AFEDB2843E2C15398356F3112"
".agent/skills/ui-ux-pro-max/scripts/core.py","C1DFB71941C7C2D822F21FC1E2F26C5FDB9AF52B7EFBE906917804346EBA17AC"
".agent/skills/ui-ux-pro-max/scripts/design_system.py","D2B002E40788B57DE2D0F4D5E4410FAA801925109E5DDB60C8DD6487E0889836"
".agent/skills/ui-ux-pro-max/scripts/search.py","5478D9CC6B2394584601418DC25B5D593A4FD486E8D0ACC6DF92F081EB951FC0"
".agent/skills/user-story-generator/scripts/generator.py","FD7AD704115DAF7ADF7FDB265A9BDC2A5A92FBD5BD2854AD7DF94A4BC28D041B"
".augment/skills/bmad-distillator/scripts/analyze_sources.py","7DA11ADF8715520D2088B4C218578BBA16D0222C9934FC601CC2AE0FBC7BCBB9"
".augment/skills/bmad-init/scripts/bmad_init.py","3C181B80B617D851F4A2899C32EBF1C5BF5F6AB1F5D87071A1C06C22C5207312"
".qwen/tmp/append102.cjs","3E2F2DA84D65F128AB4961EA3E0EC35E0C26B8BAFE068D337E51723D43E60C20"
".qwen/tmp/append108.cjs","A583EF1C076B2469E4343D2C6A6BF119E7470A350F85C3E4ED521BC5BE92E4A3"
".qwen/tmp/append18.cjs","5297C55DF353152ED41670AE92B8CC2628F4C40441DEAFDDAF3E01E7C83B4DD5"
".qwen/tmp/append-add17.js","FBD18BF543789E5165036842F11B58DEB5D9CB3F44F59A20990FABCCC8C1B4B5"
".qwen/tmp/append-add2.js","442EDCB550DDA8008C39DEC9B3A6FA4609F881C9DCD10DE5B1431D4C30AA2A90"
".qwen/tmp/append-appendix.js","F21A154C044910C131C21310031BF6B00A34C83D8DB0BFFC142E2C302AE572F8"
".qwen/tmp/append-muc13.js","47F685688DC8619C1C71DB2DC2DF764B3D86FF795CA8D06B13F552839956E7F3"
".qwen/tmp/append-muc14.js","41433FFC60A8107F828A57EF18D1D449091E6EBC9C4BB62FF414966F1DE8AF83"
".qwen/tmp/append-muc17.js","3680AC14B3500F74554B2A7EB40FDFE4904081C12670B8C503A8D5520A6CFE60"
".qwen/tmp/append-muc18.js","796BCC49AE5F7ED124D71906695D21215A1BB7DEF36C11BE674445AA69065CBB"
".qwen/tmp/append-muc19.js","149ECC820323BF3F9A9B0C377A9E9C67957EB45471837AAA225C1D03E29CA882"
".qwen/tmp/append-muc20.js","C36E235424A4A40669703795DC745E90D05536D2F9E51C5E7544E5D6CB42BE16"
".qwen/tmp/append-muc21.js","8A3AC17361A73C2FAEBC9BB0C26C695F113BD25608E5EE774A36C0BD89DC4671"
".qwen/tmp/append-muc22.js","08F5B1D50A5CD66A6B2BED1C26F1D177B1AC5F7402AA41F4B59682833512A0EF"
".qwen/tmp/backup-f3.js","C447F8D653D313C4FD6D86F7F841CD78C9941521483CED77B9559191E733D3F8"
".qwen/tmp/bak-encryption.ts","395E08800E3E7D6B2131C36AE85B41B70289F6C38B1970803101F266EBB7342E"
".qwen/tmp/bak-runtime.ts","71C0458E623BE09F7A8E862F4B4E85D98AF1F9D3582579F9EE77441F65F64EEB"
".qwen/tmp/check-enc-dir.js","344851488E43311D2DBC2F5BF4A119337F658C19831A548B614AE08F6CB4560E"
".qwen/tmp/crypto-storage-pristine.ts","CC7DB5690A56DA71B468CD3DE421B3DED864293A5228AD45BAC83A568A058E0C"
".qwen/tmp/d03-baseline.js","63D53050B724059EA17EE8B4FEA3DB7C02CBBEFE98E24F895077A725F5EC76DB"
".qwen/tmp/d03-restore.js","1F736B042D680A30E286A4723DD03C7FB56C09F2580AB363A85E92D23BD83F62"
".qwen/tmp/d03-restore2.js","3D55DC086AD6C13A4B7A6708EAFE784C4378FC5DD8265CA39B5117BF6F66226E"
".qwen/tmp/d03-sha.js","7BFDA7DDC6CBA30DCFBF15C624C56AC2C2A78BA496EB97148BFA171BC98073E9"
".qwen/tmp/d03v-aeb.js","B79A48B062B2CBBE88E534CE020208BDF8454D24A0D5309FF926DE599290E246"
".qwen/tmp/d03v-append.js","5753C01C0165E993E79F66DCCE4AE0943B7BFE9BB64990A362FE098F54010EB9"
".qwen/tmp/d03v-baseline.js","808751C6B8C571DFEA92FFD294C47FF1A68281331D307EBE7F5AB142D51200EF"
".qwen/tmp/d03v-bgcheck.js","A2347687CFB858A65E4EA29D269E1069AF5E999E519AEF1EAAEDDA956DC24918"
".qwen/tmp/d03v-count.js","6A087FBB972F9AD8091EC3AAFF6CF369C0915F9F47EDC95C917BA9F775D83684"
".qwen/tmp/d03v-final.js","341DEA06B7F858DD14B54C77E69107C016F808DE4F7CE82AD11A5469471DD2AF"
".qwen/tmp/d03v-fix.js","8596E9C62687A726ED77A21C470E18C63CDF8BB415E87E27D5B83ECC214BD3BC"
".qwen/tmp/d03v-fix2.js","0C44703F1AC69010F942D69566EFEE4DC950B43C73ECEA46C0AF1E4FDA244879"
".qwen/tmp/d03v-fix3.js","15E4F588C5DF72E10671B5EAC790D9EC0B5A283BBA967069E615CC5D7E92E72C"
".qwen/tmp/d03v-inspect.js","F79829D9383332BC5ED6D35F2610BA0B54870CA9F1F44BDCBE204CF8255CCA5C"
".qwen/tmp/d03v-inspect2.js","562C37598B060BD2DB1A932A28202DCE8F9102366CC509E5003567B95AC1C44D"
".qwen/tmp/d03v-mem2.js","1D0755DA697C4CA2F4E12C68FA5151E3B24D7893322455DE59208FFD4CBF84E8"
".qwen/tmp/d03v-mtimes.js","FF60A4E9BE3B45877C25C9814849ED6E97C76C83E09A11AC688E9DA8B6F928A6"
".qwen/tmp/d03v-nl.js","2482C1911937A1E608E2141BAB930E2C1C3212D67E7C1604D0C490593C0D1212"
".qwen/tmp/d03v-nl2.js","FBED7529A33FB2A016BEE8E1ACB645D79810BF316208BD90986DA6AA7EF197BC"
".qwen/tmp/d03v-poll.js","D7F776C6BED307A3E34E60731C946F8213EEBDC2D06978B2A0A21F80A0BD8FD4"
".qwen/tmp/d03v-read.js","FBE631ED566E0275B783C25825898C045150D010B5642C0AFD9E0AE126C1B881"
".qwen/tmp/d03v-readfull.js","BF307D3A5741DBCC9B82F35EBCC3940DDC1BAED03608A0F929CFAD11C51D64DB"
".qwen/tmp/d03v-readfull2.js","7F8777BA48E5AD617F5EA9F1641BD265BA028AE7A51EEF00B527119321C9BFAC"
".qwen/tmp/d03v-restore.js","CAC8AB1BCF953C51AA06950C348912E2BDA90660D153071720701E6D77A97E73"
".qwen/tmp/d03v-rt.js","D9E06AC511A0CA12B9C0E41596E141AD8923F2871721428E39330FE436D9EE85"
".qwen/tmp/d03v-sum.js","289AAC209EB3BC015667AD7F46EAA36A7F28215CE88803EFF5EED95ADC245B44"
".qwen/tmp/d24-append.js","12B794F14D7FFD7EBB7685C89440533E7255D113375135EDCD187A48B6A7A1FE"
".qwen/tmp/d24-fix.js","E2B6CE6D40B7D38A1AD142A9335416A358AA8ABB0956E90680709E5104D22ECD"
".qwen/tmp/d24-m20.js","CF1160772A89FAD65B3C0A897E19AE12E5D408BD619C24D59F7821ACF4DC930E"
".qwen/tmp/d24-mem.js","7DE1D17818340F320CD49B0A285F15600950F1CF27D3A070ADB585E71B39202D"
".qwen/tmp/d24-rm.js","4CCC380DB19781B3DA3C4E3C6AE737367AE5CE45C54CF8C0F0B1DDD41E3D7A92"
".qwen/tmp/d24-scan.js","1FBD94C8E3C3203A182CEE28A075542A95A0892CAC3A1E847C911AC36D9C7CAB"
".qwen/tmp/d24-sdk.js","BAAB433BC1346ACB907AAF8403BAFB503FEC633FA5151DFC8213BB23F485770C"
".qwen/tmp/d24-sdktest.js","8C564E81EF6AFC5F541772FA053FE209F6541644C50F2B8FD5D12754A9A09DB7"
".qwen/tmp/d24-sdktest2.js","8EF4C6E868F82CAE964C04C56C6150A648EFDC0C4E5363E9BF8891A2C75049BD"
".qwen/tmp/d24-sev.js","AC9448B20463F9532AB39BDEF1F14FEDA9616322DECAE6A99ECE91194EE24385"
".qwen/tmp/d24-verify.js","AB91EFB0DBB2FF5D9A08256ACE85219DFF1033357C691AF2A799075519D14CA3"
".qwen/tmp/d25-anchor.js","04BC72C72017AEB26F0971BEAD1B334418316848D2130B54E4CF57A24201BE42"
".qwen/tmp/d25-append.js","5CB90262BF4F592CCD9DAFDE3BF7F580B8194AC8F04DF6738D32CF0554EBDDAC"
".qwen/tmp/d25-apply-enc.js","08E81488BA325B4AE530DC25EA3AA7C0F769D96F9F53B939ADFF2A484AE09107"
".qwen/tmp/d25-apply-rt.js","2BD69DA30627B038677A5C6E0379F9B1D446342BFC50AFC7BB06500A1523CF8E"
".qwen/tmp/d25-apply-rt2.js","5C13D1EBBC0BC12879C6ADCD10FEEAA9052EA91D1C5679BF2A0BF864A36AA254"
".qwen/tmp/d25-bak.js","CE42DF1BBF7E571015353823B57F3B8FDAF2544262EC997A11713B737CDB5D70"
".qwen/tmp/d25-check.js","4D7AFEBC1C7DC94BCCEFD3CD820C5F87ED7CA29F02F2EDA199701C61984D4695"
".qwen/tmp/d25-enc-add.ts","0C71AE8BAD08A3C3A4E95708CD80B90F66DDAF749273996DDF58415996BDBD99"
".qwen/tmp/d25-enc-snippet.ts","BB64DA225720FDAED5FE235D19B1125C503DD60946B5F36A1726D2F52026487D"
".qwen/tmp/d25-fail.js","5DBE75EA91DF1038C9DFE1958ADA3EFBD9DC05B53718C03BA689531C3FC941E9"
".qwen/tmp/d25-fix-test.js","F713185D60552EA03B6D9D35D89373967BCB4A5DD7644BFE4043FD637A988712"
".qwen/tmp/d25-fullread.js","3758F5FB6C4AF07239E6541BA4406F132E58B478098743BC3813C72457746356"
".qwen/tmp/d25-m1.js","864076F8300508CB5F1A51B9C6FF08C7A5F270912FDF6FCE0B0173C99ED53CB5"
".qwen/tmp/d25-m1read.js","9CD7F5ACA8BD6BBCCC25323FD9569309FB6E8AB016100E4A991EB02903113BC7"
".qwen/tmp/d25-m2.js","E14D1132A34ACDA858F2B8DD672B02A117F47EE1D1AFDFD4B4897C0E82728222"
".qwen/tmp/d25-m2b.js","0BF405D2E78E452AA27A5BDAF5CFC1FFDBB7001A0EBE27BF9E361A7B1E129ADF"
".qwen/tmp/d25-m2c.js","6C02BB8BA3DBA1006D6498DFDD9A9C2157628216DB117F5AFE847E603997CBD5"
".qwen/tmp/d25-m2d.js","E74261B173353796B9664F7BEC233FB8EA718D878CC09BCF9D8D83B255178B20"
".qwen/tmp/d25-m2e.js","68469592E6C028246814D38F238E5A1483E793462D3ECBEEAF7CB3F4A2143AEB"
".qwen/tmp/d25-m2fix.js","ABBD0278190D3E7B1F5AB5C296EECA5D81B1B7268D932BE1EBF3A1C739BAB5D6"
".qwen/tmp/d25-m2fread.js","E16B9CF89F9748ABDA36CEAE2B1213DA0E2A9BBF0964FF4CC9838D388AA24B33"
".qwen/tmp/d25-m2r.js","EEC71EB470950939D7B40D947FB2E6877B63F659C5F0C71E4BC15CCF8CD64942"
".qwen/tmp/d25-m2read.js","85B1FD12BF2B199CFB06F167510CBAA842EBD88247634825A81ACDECD8E5ABDD"
".qwen/tmp/d25-mem.js","1505DAC3A6A87B4121325FDFD7FF7A78484AAE7EFCC50B39956E4417C7AA9BE6"
".qwen/tmp/d25-mt.js","0EE05FE9D4238EC26D31D983A9803F0F401E7F5FE950AE1A9DF2646E8249DE72"
".qwen/tmp/d25-numstat2.js","9F724B0A8972768CF8C2255EF3A89AFE8915EC890A9776A9A239FD2D32E6D68D"
".qwen/tmp/d25-read.js","ABC175E199723E4AC7B849CEEC4F50FEFF8AB96DE1875EF3E6D0E7CC41B45B90"
".qwen/tmp/d25-read1.js","74557BA2B1A4607191A9AF8E0F77640370DD9A098D156236DF6C1F701AFA3C5A"
".qwen/tmp/d25-restore.js","CD6F7180D241F0794AFCDDCDB256D44A921706A4536D3EC015C4E784E6B8F2AD"
".qwen/tmp/d25-rt-add.ts","89F52B754178156478F263954C75F54A2DC7597B29D0855D0363F1A550BCEC8F"
".qwen/tmp/d25-scan.js","6521B1B34DE0A5DB0A845EC731D34D6287AA1C682591D748DF4351AC80E73071"
".qwen/tmp/d25-state.js","BC04DE3FD0759AF46C09360EB400C70B11B4A95F093AB56985DC2C4BFE98F622"
".qwen/tmp/d25-tail.js","E0EA3777B69D21F72E43A66811D97BF7B571798B9672070274225601AC1BA241"
".qwen/tmp/dc-baseline.js","5FFAB2F6ACB2340281E6296337336E70B05260A01C91577DE59A998107BF1577"
".qwen/tmp/dc-ckpt-pristine.ts","A7C52FF179E32A5EFED4EDC70C3960952FC4B0FCB3E0232BB760EC961E883F66"
".qwen/tmp/dc-restore.js","302B7B749FCE39419B76067A59C0B1C1B4B0D240F7772C73A3F93E4AC0581517"
".qwen/tmp/dc-restore2.js","D76660EC4AFC579FA15EC662BB8D81A075C25EEC226F25623683096921AF533B"
".qwen/tmp/dc-sha.js","6D52B092D4099A1A4243A8588906F6342EE7395E2BF62DFF0D4DAB56FA5509E5"
".qwen/tmp/dedup-row15.js","3C404F95D9EEF5FB5C2545E709744F5860A40CD6CA0AAB4DDBC0D91FEEC33F18"
".qwen/tmp/drafts.js","9A69F388B5A85BAB89800F149154B9E67DA03D80F9F4B2DDF9EC8D541CC6B617"
".qwen/tmp/drift-check.js","5BFEDEC378039AF69C1F150AA74180C03F24E1DDFBDE8145968A137BD4E08B71"
".qwen/tmp/enc04-probe.js","5699F671731AB4166C67184BA9302CCA362E81AFBCED1D0954347FF7B49FD9F6"
".qwen/tmp/enc-meta-probe1.js","42D025947639547794445498D35867616D186BF59B5FEDFBF961B50E053AA292"
".qwen/tmp/enc-mtimes.js","CF5B96E6EB52CC9757C0580EFBEB75F5AA6761166CB88480B572A0160A4DC2B7"
".qwen/tmp/enc-sha.js","3CCCE24CA71B888C70E7259ABB77C4EA9F8079EC1DD1EFC3C554F9C17B50BD38"
".qwen/tmp/enc-sum.js","844FF1EE3096DBA37CF24C487C24E214D7A84D2792D9D91C325B153E9C553730"
".qwen/tmp/eol-check.js","10AED765D7781F880A30DC0FB207A40E66DED252A598816235DCF88D96A7EC99"
".qwen/tmp/f24.js","34140B71CBB531F0062A9A4C4F6EA4FAC00B387382AA68FD757A57E12AEC2F4E"
".qwen/tmp/final-sha.js","CE1094241D0933A5DF3EE8D016A270238A7CF6BDB5D84F3B3F39C6B4E0CDAD8F"
".qwen/tmp/find-probes.js","6923577E03D6DEB1D543F2CDF0C75E85A21FF80851C8F6DE75C21F985F616D6B"
".qwen/tmp/fix-date18.js","DDF8D2CFCC8DA0F0C402706390A88A0AE3DB04856E8CB9B1F783F281E339BA78"
".qwen/tmp/fix-dup16.js","2506B6A4496206AA7D775EE02159FC378BA9B3D01FE133399DB54BE9B5454FCD"
".qwen/tmp/fix-hash.js","C184BC360AA5774AFEECEBCBCFD54123321EAD92E47DD30F3A4E1AAB9B582A7B"
".qwen/tmp/fix-ledger15.js","019CC92399CB78F2300C11963A242D5353FE7A4D287B109EE8B5FD53CAA2C83F"
".qwen/tmp/fix-p3.js","BBCED93753A83114919CB9EA928D2C74A7390215E98CD41076E7D2F88B438865"
".qwen/tmp/fix-parts.js","A1A732D322EF54F50E341F66EF16A6B6D1405D8AF4AF01BE272B880AAD8F3CFF"
".qwen/tmp/fix-seam1.js","D65A5EE6A3E4CBC340F0F26B479A2F1136433FC8D310FDBF6E491353D8C17FB2"
".qwen/tmp/fix-seam-imports.js","C24957DA4FA1919055D10EB36A9958355AE2AB8F636E2025B8F9335FFC54A15D"
".qwen/tmp/fix-seam-test.js","BEC2711FFA1CE145FFAB0D65F2D791CF51D4CFE8F0AA8CDA56D4125F3D32B6D9"
".qwen/tmp/fix-seam-test2.js","3D7631A8322B3E61E01F56A952DA1AA9F3DB78EF7A09180FAC6D7BDE7B700FB6"
".qwen/tmp/fix-seam-test3.js","4D6096D059B8500F372DFCABBC0793DDF3CD44E4CE0DEDA1E4AD153C4AE450B8"
".qwen/tmp/good-sha-c15.js","A7034D7BEB5BABD777A4D07586E2011A9C5204EB45C7F9B63D2E6AE2D26E8E86"
".qwen/tmp/idx18.js","853C829F11F7D561581ACAA169FA0C2D9000B60B46FC9042ECEC88D34020DE1D"
".qwen/tmp/idx19b.js","3D2F7614CC0D25170AF273F202ED6435C9C72EF4E5E5723BC5EEE32562598189"
".qwen/tmp/idx20.js","384A503E6D99C93042F6B3D5F731B0452D76E856CF76403A5BB0D85B2BD08C4A"
".qwen/tmp/idx21.js","9305524ACBE99125D5B80D4C5F4092F2771A456D7C2E2B2D8E350724B9F4B75D"
".qwen/tmp/idx22.js","C35BA1BD2AA1A924860EC59B179A4E0037F218DDEBA114D486EEC1F310455701"
".qwen/tmp/ingest-d03-pristine.ts","F05634EA020DB752EF6F142326B3F10D6E524B539BA0D175771F873CB0FE5E33"
".qwen/tmp/ingest-pristine.ts","8B43CE2CC7D0EADE2B8E4EB0C298A8C7AE4EB17273FF2B84BF45FF21EFCB4E26"
".qwen/tmp/lanes.js","5F99AFB409D7D3C122CAC88E50BE775462C9F9DBD46E259ED83AC64DA0850919"
".qwen/tmp/ledger15-splice.js","9FF37036286E95428704865161AFF0B373BD510847CDDDD4A662783C7AFA2829"
".qwen/tmp/ledger16.js","3C04A4742F595B075C5C40CA9DDF8E80B8C37C6C5BDE6ECDEC0B92F5D5D669CE"
".qwen/tmp/ledger17.js","0B435266F5F57E14D6296CC776E790F5963101E7F550254929868F8CB2E640E5"
".qwen/tmp/ledger17-check.js","E4925A12F7D564B5CC60878B1AF5636CCF4DB6B3079E7FCE100552D602E146BC"
".qwen/tmp/ledger18.js","C6FA0DEC2BC9D234E5C6C0371CABAF608A97D6F93C5C0D24E277C304E5D2EA3A"
".qwen/tmp/ledger19.js","7B12917909F21F1E71520BFE39A9AF7FCDBD389DFA52576AD84554EF80E0409F"
".qwen/tmp/ledger20.js","C7B4BD8D511E0922D0F8EAB98D46D23BA65B9910DE2930A4DAD5B20C6AFE10BC"
".qwen/tmp/ledger21.js","01438DFE6B327B654187F56CCA48F40712516B2583A3CC31BC36B867166310BC"
".qwen/tmp/ledger22.js","CD3DC17C53365E3BC9E78DF9FBEDD5FD0814CB079827F58CA50F31BCC873001B"
".qwen/tmp/liveness.js","D55048AEC0C64828622077B339FEE6FCEB8E6D4999D7233C8261791F1761F0E9"
".qwen/tmp/mc-baseline.js","6F0713974A07F38E802A79C97FD8449EA6C361EF36F8F5DC0A13323689D7CD37"
".qwen/tmp/mc-restore.js","228DDBEDBD9FED4C79D00F244D335DA09F4E9F4CDCE7CD5CA6B025CC482FF327"
".qwen/tmp/mem17.js","82F7AA2FD5C8586AF835B05FBDD412363B3554830F9DB9DFAF14E74C37153F69"
".qwen/tmp/mem17b.js","2747EFBBEAD1D0EB40C29133EF899175208912D6EC4127E750BDEF8A0230727D"
".qwen/tmp/mem17c.js","ED1FBB20AF37C47DDED1B3ADD5D708336C10584261E55838580B02DF5A89C719"
".qwen/tmp/mem18.js","CE217401307F2EFCBE023A9036357E7BB8EFA9EF2133E12742FAAA8E64CD402D"
".qwen/tmp/mem19b.js","D96428F7693C78B8402BAA44B05A9191AD78A1D8519E9310E5FDFFB99E355F61"
".qwen/tmp/mem20.js","369C9BB23DF1C20F10A42534CDB713680AF6801B5E18ECC909F472C15771AC35"
".qwen/tmp/mem21.js","F8B46E73BB276196AEC2A4BEDC06460F2AC3DBA737C0F737AB4EDCB022B82DBE"
".qwen/tmp/mem22.js","65C64EBF933B65E300EF59C554A249BC0833338219AC92A99D60C5817160023E"
".qwen/tmp/mem-c15.js","7133F9208F0AC7C3C476ACCE0C0A03727EB494F2DA3962B2D8EC0DA486789802"
".qwen/tmp/mem-dedup-check.js","4C4FBB3AE27CFF678CAAD460D520B77482D2B68D46250CA9C3B690863ACCF7D1"
".qwen/tmp/mem-verify.js","ABF4A9EA1A3598E678F79258E59F7FB91541D2278A1B446C2FD5617D85BA1F7F"
".qwen/tmp/merge-d03.js","A8FD29768DCE9E275C2C5EAE88F62B78100E7411213458A6DDCA36D295E7BC58"
".qwen/tmp/merge-enc-test.js","42E246213C3615DE53DEDB27C7DE128FC04B1D11DFBC01D9F44AC586693A34CA"
".qwen/tmp/merge-wire.js","350F00FA39442D8B3B83D4FF28D5F006A5BC4DFBF7437FAFE103DF72A7DEAB87"
".qwen/tmp/metadata-crypto-pristine.ts","AA200211680CBBA6F1A8672857E53A2E80778793BCD6B88FE707E4507B9E863F"
".qwen/tmp/mig-probe.js","251BD6BF606F593F22255DB8A5C2F2047D4F385185733DEAD3642EA69872BFAF"
".qwen/tmp/mtimes.js","566976A8330442BC491489B2E35D15F84EA721589389108690C8868F92F9DEF6"
".qwen/tmp/mtimes-c14.js","91BEA0409E0A0DD1342BD5A0489B53B5BD03A6143FB6E290864D200DD09094E2"
".qwen/tmp/mutate-m2.js","CA0502AB0E7176083CFE2B43E9059A1086A313BE22F6B674834CA7D113BA1766"
".qwen/tmp/orch-sum.js","A72C67C8963AB69B023C00BC956D4EAE55A2C68BEB90AD5332244D6E557C496C"
".qwen/tmp/port-facade-1.js","4F43A9DDC14BE63DB5FAEFDEB8E1A4A992CBC6ADA6A11C37DD70CFD414FC4B49"
".qwen/tmp/port-facade-3.js","0FB361DACCE2158CC643D0AB75523B3F9E2BDB4156D615AD6AF3AD89E971C632"
".qwen/tmp/probe-parse-source.js","DDB129B3506D9A7D010693F0408D225E2CBBB4794BA31F2ACA29331BBCA4F8B0"
".qwen/tmp/probe-smoke.js","DFB62879EA7909185FA1F414F590EAE3226543E152CAA621F3EA7F45CC3FBF95"
".qwen/tmp/receipt-probe.js","BFFCAF73C6742EA0BE1E4C3440FA05F91D6913CC82E4FA72296EA445D0D8E7A0"
".qwen/tmp/receipt-probe2.js","EC2BC78EA0170E93AEAD84CF08EB3AC9E366BCD47E76DB135522E40F2DBED122"
".qwen/tmp/receipt-probe3.js","E1C574D23636D234DBB503811C7C5C06993BF827945886D7B0D797C813611743"
".qwen/tmp/redact-probe.js","B64C4D5F50EFC2F28DC80D18868EA001A31721250E323AF59364539945141FCC"
".qwen/tmp/restore-chk.js","0FA93BB72D9C4236B83A76F494D07D84044E1048B564F4B3143C98BF1B3A2D6B"
".qwen/tmp/runtime-d03v-pristine.ts","902185D2C4812DB3F3B902E5D7E738DE361962C528C253AFB707CD5C396CC58C"
".qwen/tmp/screens.js","4939084DD367FD81FB6F4E1FE3DF45F993005637E840BE8AACC5174A9BB8DB48"
".qwen/tmp/screens2.js","191B4B389124314AB330C5C94C8B9E4C61350C2D36D0AD7206CD6BA88484287B"
".qwen/tmp/sdk-baseline.js","2D4853F218D7AE88156D8C7E470BBDEECBCBEBD80DDA8E23236A2B7A037E37FA"
".qwen/tmp/sdk-mtimes.js","0C2EA73189FC4DE337D5135FE60677B8DA994E30C2FC906C0C996F97015DDD17"
".qwen/tmp/sdk-restore.js","B0F15BB8953F17FF828ACA4D0CB351DB97D09FA8FDD80D50E2AFEF835FC8E16E"
".qwen/tmp/sdk-sha-final.js","76042EBBB3D6C35652E3BA5B40239F7FB3A9108B1C04D8BFE939B94311F8291C"
".qwen/tmp/sha-check.js","BEE5386BD0A5FDB6B9C3CA1FD4331D84A89D945573C7ECE65039C2291BA7C79C"
".qwen/tmp/splice-neg.js","AA476D50C0C93FBFD1E40AEA1A5AFFD84D6EE236891FA7A470289345B12CF5AC"
".qwen/tmp/splice-row15.js","A51CBEBFEE7D2C556B53F46D412C21B274A6C2A5BDD943F322F93769CA489F30"
".qwen/tmp/state-c15.js","B310CA0972E14423DDF26838183E700B16A95A3F1B43CE1717DC8A690CD2D5CD"
".qwen/tmp/streams.js","06C1FE8B0F52AC006ACB6E2AB0535173E1C11ECD05F6318E2D0FB424E115872A"
".qwen/tmp/tails.js","C023B62246DA1C3A375AE535BEDBF7116D06876CFF30D94BA625CD27C357B909"
".qwen/tmp/twolanes.js","543BEB80DEC529E002FEA768AEB553645CD8CE7663CE48068F49645EDF3DFC94"
".qwen/tmp/verify.js","9B63D8C4936B6B8E8F7FC4CDEEE82AE61DDA16DBA0E97EE2975A84DF814DB5A3"
".qwen/tmp/verify16.js","C03DFFEB3FE32ABA7ED153E5791CBCDDD5F9AF7C2A75AD0E6C9300D3CF5D2D17"
".qwen/tmp/verify-c14-final.js","D145F35D84B99A23626895BA5726816B5D3C36B791E1FEF7D05957D5EA6F8A0F"
".qwen/tmp/verify-c15.js","AF44CBFEEC580E7C2D1B40765083B331BEB3B56D3FB2D79629BDF5096028C6A3"
".qwen/tmp/verify-c15-pre.js","E4F6F4062A82E413E5328FC2915FA3E00F10F6B1C943C3E5FE81EFCD3E9625EA"
".qwen/tmp/verify-c15-v2.js","C9E071523F58E4F9147ECF65580859DE5542257675CC79BDEBA49AA081A7EDFA"
".qwen/tmp/verify-c16.js","B1BCF6110EE7D663FCC772DB9D69AE6D4456B571E9705AEC62CB9EF14FC681B2"
".qwen/tmp/verify-d32-state.js","A18446D5D779F68CC301FED116017ABDA16679DB0922FA7B5179D4C46135C5F2"
".qwen/tmp/verify-ledger.js","B7C657AC5A6ED8C7ADEEAA60F1FC6C218F3FBAD9414CA3A2CAC55AEE7810A510"
".qwen/tmp/verify-ledger15.js","85F9333FC7B97CA4A4319349CA4FE42131DB92985EB73B4EE057ED289116EA7F"
".qwen/tmp/verify-ledger-final.js","4A7F7B3AB845DA17E85B3F14EF707A57F448009DC6B744B2881709F64B01BC6D"
".qwen/tmp/verify-ledger-section.js","42FCA5BDCF0BEAB07BDB74E9F7072635848AAB09166DD80F7FF318EF86F57405"
".qwen/tmp/verify-receipt.js","72673D7A70B01C891216E159D61C36DED5EE414C4977AA274131CD98B11BB218"
".qwen/tmp/w-ingest-0019-2-check.js","EDDA8B0B728B53C9A50ACBCAFABF0732D684782DB5F9B1B02DC50AE9FD4E2F6E"
".qwen/tmp/wire-baseline.js","242B8CFE749CC78E859352A145EC89E8E14EAE2B2E64A0E2590A7CB8626D8BE4"
".qwen/tmp/wire-restore.js","95FD04818C9839637E695D6898B82796A16D4D7A1492D0CF78B3EB7676D2247F"
".qwen/tmp/wire-restore2.js","16E8E5C0DA936FDDA9C3AB9DF6DE5B2B46152F61AF5A00A803D83609115CAFCA"
".qwen/tmp/wire-sha.js","8B9D2A4D5B1C372DE3D2E0DFAA1708D3C79BCA870444B55848F7439C537ED843"
".qwen/tmp/write-seam-test.js","C2A222F58F6217653C7764B33AC1D1C27C7A8FC42913F35C7A12A072AD702960"
"_bmad/core/bmad-distillator/scripts/analyze_sources.py","7DA11ADF8715520D2088B4C218578BBA16D0222C9934FC601CC2AE0FBC7BCBB9"
"_bmad/core/bmad-init/scripts/bmad_init.py","3C181B80B617D851F4A2899C32EBF1C5BF5F6AB1F5D87071A1C06C22C5207312"
"_bmad/extract_skills.js","211F3337BEA69B75B001AFFB8755EDCC7D785525DA0CE835430CBBD28CC33151"
"_fix_types.py","471450F26584D96B05F693D33AC49BD3C6335F42BFF67D024F59ABA035921FD3"
"app/api/auth/[...nextauth]/route.ts","4A96A062512AEDC76A4833482AC0536059F68FEA6B2BBC092BF512FF8CA4A2B0"
"app/api/bull-board/[[...slug]]/route.ts","2F7CADF0F738E1743F63DB72FFDB711AB3A5FC7A4534661EC3A823056196E9EB"
"app/api/chat/route.ts","786FDF599CD8DDBA440917D96E9E396B77729C273EDE70644F8FDEE3FBBB09BC"
"app/api/cleanup/route.ts","106EAF078C368177BF4B852CC3AEDD3A14F8DDA6A1A567FD43A0ADA070B1B0EE"
"app/api/health/route.ts","4EB15740A4064E48D045E6F0936758A2DCAE2E58654933058D33201B6AB1D563"
"app/api/internal/analytics/route.ts","E8E03C46732CD3368C138D1BB4CC6CDCE93D95C78D165364C9E0D25385144BDF"
"app/api/internal/apikeys/route.ts","304656A0096E929568C8244F665F0BDF5E4AD7F518B1AD3DE62EA3BF0159A671"
"app/api/internal/auth-key/route.ts","505E00D5159004CDE2E12716114B9D14E543A789B54DCFBD89D467C398C826FC"
"app/api/internal/dev-sync-endpoints/route.ts","4869BD0289811FF93A234A2203F1068AC439660E89F9E3DA5C970079D88955CC"
"app/api/internal/ext-connections/[id]/route.ts","A47117BD15C59B4753F89B5EC2CBDBA05559998F8B6C687D5719A0EC39464BC7"
"app/api/internal/ext-connections/route.ts","87724AA082E26D96D94B93FE64E50BDB9989FED29DC7224457ECE88AF41024CD"
"app/api/internal/ext-overrides/route.ts","8397B42DD54C1699996A55B48BB6CE0CC2E767EF157D512503D7A9A9F6F89334"
"app/api/internal/profile-endpoints/route.ts","944B433AB8EDAD8FE383E5CA2B0D25ACB03B81139BC9A84C27140441C7880F58"
"app/api/internal/prompt-wizard/route.ts","43B398106D98E0F6AFE0727E06BBAA5C28949F8A1C0C9B850CE4F73242109B71"
"app/api/internal/recover-stalled/route.ts","6FB8EE1ED65C431F9994E262BA1ED8DFC7726E61AD1D62A9EF3D9984BB40AC6F"
"app/api/internal/test-profile-endpoint/route.ts","C65DF097DDD5267F4D96A3D5392E789F04E16C799F1B8BB9D26E15DD41BAD919"
"app/api/internal/user-profiles/route.ts","586008126E11F856205F5A7D02DFB0ECF723A359F0A712AC74BE2C4428049190"
"app/api/internal/workflow-schemas/override/route.ts","40B9E90CF242BCF05B79BB293D557A60511BC47675818D09FBE5CD820EF73787"
"app/api/internal/workflow-schemas/pipeline-mappings/route.ts","7505F54272D4AF9229FCCFB191D83E9DCB5DD206520B054696F86769EB03D6AA"
"app/api/internal/workflow-schemas/route.ts","358553CCBE97911CA549F22E2BCC6405EEBF3567E6E461994FAC988CAD7F8236"
"app/api/operations/[id]/route.ts","9E5E80DAF9603989DA7EA3AC2F727A8031DE373083727CAA108F150509026B83"
"app/api/operations/route.ts","339F1553BC57D387BD7BE463CD18D363CA09940232DA676B3D85B9735A656DEA"
"app/api/settings/cache/route.ts","94800AA6588FB11CFBA85A1D7A8D14C7BD35F260980CCE2C9EA572AB696CBF09"
"app/api/settings/route.ts","3077E6CDBDE433499B150A594E6E3ECD2A7B6CD859E8762EC1D652CEFC6C282E"
"app/api/settings/s3-test/route.ts","9978006D1C23776B14C2EDA0B85FCF268911C6EC9F7E3A92B8868EE3FD1FD8D6"
"app/api/swagger/route.ts","9E97F44BB5BFE3EA1BF688ED55F48DE2A137A6375004E0AF1ACFC7BD4C99B75F"
"app/api/users/[id]/route.ts","E830605B53086189C11982045F9381B567E9D72FDCCBDAD280E62AA20BF61457"
"app/api/users/route.ts","B2B1A6A6E9836902E121AE5A032333B88EDEEF61AA6297379EA3881BADBF5830"
"app/api/v1/billing/balance/route.ts","DB3428413F76F82B336CDCC5320016B5F3B26F69988AA2A27F8E785D9E8A0929"
"app/api/v1/billing/usage/route.ts","CE5CA8D41900F599A2E287614A35581917C394926F69B9409A1C4329118E1802"
"app/api/v1/docs/analyze/route.ts","CEA9EDB2CC572D30EFE265EBAD6006CEB10946453081F57CEB23A9A24A8A531B"
"app/api/v1/docs/compare/route.ts","1A169D33CF9B46A4CC0BD1EA91B2EE17B579958E8A4426CD5718C0C6F4F94687"
"app/api/v1/docs/extract/route.ts","8EA107CC1E58484EB227DB5C4FA3FED8F1B47D9181EB657DA2D833A50B709417"
"app/api/v1/docs/generate/route.ts","39CA893CD1DFB2A486DE995F8666FF778AF6EEDFE0AA790DD0B1F9EA2CDE341E"
"app/api/v1/docs/ingest/route.ts","C8D81F7266985E489D44797BC5211184866C5B9325B3BB621A14CB497DD05065"
"app/api/v1/docs/transform/route.ts","9E6FCC03CE239BE28372824B776D09A9A59EDBF2F36744EEEE19B99DA8EC40DF"
"app/api/v1/docs/workflows/route.ts","4F7724D20F672B9589168A528098027DEABD68025E532D012A1121FB41704453"
"app/api/v1/docs/workflows/schema/route.ts","FA3E6DC508F1CEE78F92622B63F5E72BCC937A993EAB2429CCFC83274B56AAC7"
"app/api/v1/operations/[id]/cancel/route.ts","8F4BE71B300C458828EBF027B47FB38B0A5F9A1CCB74B31C51CCAD0AE13B7EA2"
"app/api/v1/operations/[id]/download/route.ts","70A37729CDCA117A46E5F3A3EDFD1D01BBC57BA2B41F806E6FF5B15B9043DCAA"
"app/api/v1/operations/[id]/resume/route.ts","51E86D3338F70C6A7ABCDAE3BF9E5327A4136ACEBFDBB37E0E931515DDE23176"
"app/api/v1/operations/[id]/route.ts","0483D72CD941B2EEADAE99E3942269A6ED021949181D60784FB5E85F62220345"
"app/api/v1/operations/route.ts","C6D6887123A51E88362B4F623E0069A94726D65259D48D50B413C3EFCD6864E1"
"app/api/v1/services/route.ts","DEAA34A66D36E2128D4B1E645A1A34557D16B1C54669BFB3A804450D59B9E9CC"
"app/api-connections/page.tsx","341654FD84215D1F76B7A2C48DA9AC81B747BEE03A4C6E7F4530A0ED13BD132A"
"app/api-docs/page.tsx","16DE5285570EBBC7B20EC69A75F21222C9AE58836F3D17F6B95CB3747BFCDC79"
"app/dashboard/page.tsx","648C7775494BF4BD6D574A936853A34B05F149F9AE7AA2DB450E5226FBE2C9AD"
"app/doc-compare/hooks/useWorkflowPolling.ts","F87B536A8C18F429A35622E98D5A6C2DF0F20A2CB33BB1632F75755143BE0F14"
"app/doc-compare/lib/mock-data.ts","92E6B2F171E6D5DA530B7132F81A705C4610D7B25A2109E74A99C094BD1D8574"
"app/doc-compare/page.tsx","6F02BB1D6EC1822ABEC20B407A71D45B71DC04348F508F110781B9FA1D900AA5"
"app/doc-compare/types.ts","C1AF8A7BC6946E34BAF36B4BEAB37B1A647889B40A7F636B8D25FD5624E8B029"
"app/doc-pipeline/components/CompletionBanner.tsx","B2CAD0DB1A7973D892159B15DCCDAD69DB6D813E910E3EED83B8A10893454D95"
"app/doc-pipeline/components/Icons.tsx","08FB7A6E7CDA96D7CF7725F76A18C611CD81CCBFFE2331881527B95F71820775"
"app/doc-pipeline/components/JsonEditor.tsx","7439EC3B757091F7360478048AD899ADD276C52584FE9A93754024BA27419BEE"
"app/doc-pipeline/components/ParallelFileGrid.tsx","07BF97082E810C89DB1251E3F141ABF571916DFE4F89832E5DB2417BC885E08F"
"app/doc-pipeline/components/PipelineStepCard.tsx","8FE900A44478A143AB0CC4518DF30B7533989F3AD271625C93C288F277481851"
"app/doc-pipeline/components/UploadZone.tsx","5BA63E51785F8917242FABBCFDF7F912DDF0E001C11D552CB982B56FD34F46B0"
"app/doc-pipeline/hooks/useWorkflowPolling.ts","32B3D2C2BA5D658F87CE3E14C979A3818B554A766F7B4B5B2F800D82764D08F9"
"app/doc-pipeline/lib/mock-data.ts","D6F4AF67E73A96EE2D7BDEFFD71882CEF5ECE7E1C20E4925B6B46722321F0288"
"app/doc-pipeline/page.tsx","764C40693ACE4DD54F2766E96EE8A24B6C9FB6A9F8755991511360EE3B944206"
"app/doc-pipeline/types.ts","DAD717AC22A95A906FE9153FA166751DFFE21BACCE6BA2B6E749319CF21BEB42"
"app/docs/analyze/page.tsx","68B0F0849507F7B9CAAF408259A94B464880C95A59AE329ADF04A05F6A8B9B7A"
"app/docs/compare/page.tsx","4E68A3746DB76568900151C5A67E7EEC8CFFA43EA0CD3CBE62A360C7E1AA12FC"
"app/docs/extract/page.tsx","A62E80C7F5E6B3E1F123779D27617C5E313C571886CF2AA99D217293E75037F3"
"app/docs/generate/page.tsx","B57770F8EB9268E79DEE7F705AB1A896CE3748995DC8743D42E5BBD839FDEC4F"
"app/docs/ingest/page.tsx","9734B704DCF6A1AEA8A9EAFA9114977EB99211AA6BE664A0A20D25951B4EA123"
"app/docs/transform/page.tsx","822E1FE26A02F56F2D313516DD62FED3ED47C2C6F194CD5EC03BDF2B853C1D42"
"app/history/page.tsx","2BBCFA1FE25CEA7592BC2CDC7D172D28DCE90B38A88CC0B9863AFA8DBF66957A"
"app/layout.tsx","AAF1E33A6974692E25EB2DFAF7F1D6C6905625FF139EFE7B84E07BFE4AB5F92A"
"app/lc-checker/hooks/useWorkflowPolling.ts","14B2AC2E84CE020F57CFC9E6E4EAF079CB4EAFDFF4F379381048A733AFF936EF"
"app/lc-checker/lib/mock-data.ts","23CFB78C63FCE958A9E33C5CA59866928437478F5F98F86B67D0404549D54E60"
"app/lc-checker/page.tsx","CAE69C06BC247B24F400158385B23E9C44BB8CA3206EC7984B08B5B4A5B512C7"
"app/lc-checker/types.ts","930D86390601A56818CB54CDDB8BFF96B6119628455A68A160E1448A1AA646AE"
"app/login/LoginForm.tsx","0A362F8371C5C2725ABF9304DD4DB16D827349261CD49E78015F0D9CA12A8E75"
"app/login/page.tsx","82BCD5DF2CAA55BC078409DB39A1E5EF649672CFEBCDF6E2C2FA9AE1A3385829"
"app/operations/[id]/page.tsx","72B6F56BFFCC03D6E7364514CFB1E6E9C67CBF38C91BE3D3950AF9C81CB55CF3"
"app/page.tsx","379545BF52CEDB668319A23D3A920BD980D3475CBC9707FFF210523BBE7FB574"
"app/profiles/page.tsx","4A4886F7A7D5C9AD1D7C859B2A133CCE1D7B3B2C20A037FF547E60C0EEA654C5"
"app/profiles/page_backup.tsx","09FF9057FF44F0A6CC2E033F9CD316D20F2ABD2545E1C47C9C0470E13C86887E"
"app/settings/page.tsx","2F7E647FD227D1D29F9DEA018DF3DE396997E358F582D7B32175E0099A5BB98B"
"app/settings/users/page.tsx","9979849B39AE6827F5B068127B01F020B72BF5992C98F8703C70DDC9F0E86528"
"app/workflow-builder/du-operation-adapter.ts","9A74E2C41980249E26B7FB60778A00F5774B304C8213C91FD81F8A9979BB9BFF"
"app/workflow-builder/page.tsx","75360CE3AC4698374B43842EDAF3FE43D4741A957A913CE97A7AAB05B4693B74"
"app/workflow-builder/run-schema-client.ts","BCE7C1A0D74BDDB22F3D34A2952431B0E5A8ABCE2034562952297E6E0AD2CB34"
"components/ChatConsultant.tsx","841470B03E4302E82D40FD67E121D41191BC25960D2ACD0A034A9D14678BB448"
"components/ConversionHistory.tsx","54F97589F39861353E776E8FE763BD26989AC683C312AAD136BCCDAE7909150E"
"components/DashboardView.tsx","5BCAFF888C33B039C2978401F9C24D1509EC3BB838740AC99EEDF3BD523DE2E8"
"components/HeaderNav.tsx","ED5C232DA16B524AEC2FE04E408E092028828E55EE57A877968E4649C214F747"
"components/MarkdownEditor.tsx","8D6AAC5E7E60AAC68DBC65C5A1D5C72C1B2D16E860F348519DC8ACCC42BD807A"
"components/MarkdownPreview.tsx","57D0073D0820E8AAF2520EA5C36DF1C3DBEEECD9F766D321E5BF713ED33FE42A"
"components/PageWrapper.tsx","B4E3CBD405A8B3B3279BF4B33B92AD2E049F9F5F3F49FD481CAE41BDDABC3A59"
"components/ServiceTestClient.tsx","BAE34700FBEBD0E413D5BD5ED7031945CDE55EB9531B82391D189EF1B017CD09"
"components/SessionProviderWrapper.tsx","ADE69C7345400944E9A4FF60B01F9ED47248F38510D322687B4C2D5B54C96BE3"
"components/SettingsForm.tsx","ECAA699ED14E96992CC0DE85F0D6527D320DA008BF019B78390503C165B1EE5C"
"components/StatusBadge.tsx","7EED4714CE1681E6694A47B10C9AA0E6E52640951EBD4CE19A2B5C0E18CDAF10"
"components/ThemeProvider.tsx","B76B0E8F1A864368ED02FF01BE414B6C36214E2A7D33357620DD6FAE1D2A0F1C"
"components/ThemeToggle.tsx","8D9A0685FF10913DD833EDE5D8E6215E0B26A8FD5D990A9073AD4DD429A73715"
"components/ui/Badge.tsx","3755877660C2902A55EAB3CB5234CE80B993029806A3B479B837D7B8FA9B8162"
"components/ui/Button.tsx","B6CA5218ADA6893E50DECBACC3FCDA5D3BE226E4290A8983E5247E9E65D2796C"
"components/ui/Card.tsx","43D202CBB31B2BF87CAA96D648157D5696244E5CCB98145657BE4342AAA2348E"
"components/ui/ConfirmDialog.tsx","B943CEF10193343D97E59DBBDB07AFA7A5199778E6FED478A26CAC74FBD77FC7"
"components/ui/index.ts","A84BEA445637596D3F2308960AD7B62E304901C16AD96FA0B0E975AF271A8C52"
"components/ui/Input.tsx","8854CA19FDE5047989D9AA3726830FE1175873CE1619A84E955A24C6A83CF920"
"components/ui/Modal.tsx","A3C543D679640F735FA49D65669026A85EE0AF9A703AB6D0B6FECD62E6FA804C"
"components/ui/Tabs.tsx","9D397CA1CD04B0ED78F33F47A7FB3E5EF7715C5A63A58F8AAACC5EEEBFBF6E7E"
"docs-site/postcss.config.mjs","ABDE5172A3F0254B611346598B6F9CE9E15A01FFCF6D770CE9E5FE095A781334"
"drizzle.config.ts","E225526079E015041FEB116D22419E459B504EE261CAAF46CA2EEC779F2CE6C9"
"drizzle/0000_violet_franklin_storm.sql","67B6EB07F6FE03F7EB32F6BAA0D6547A00FDDE5C7C87E9E119F4262A9F7C3E46"
"env-init.ts","5B2FF6C4CB9655FDFD7D97BB3E6F2163DCAAAEDEC16AB457CCF1D2B22B51069F"
"jest.config.js","663C4395D8717F5145E25A5736D248A504B9BA56C2090BCFACFBE7D26D87529E"
"jest.e2e.config.js","E39A666533DF8948B10E3A1E5CDED20235413ED19DEB9C9BA5BC117E719C796D"
"lib/archive.ts","AB4CAAB26C90168A8227BBD6645A0137BDA2DDD2CF01E0F9F60672875D51AF94"
"lib/auth.ts","DFFC9F6E07CE58D727966AD50DF234B18FC2739CC6C0F4E58AD37AA636C3EE93"
"lib/auth-guard.ts","8959763263D4EA41E4A3CD1AC870E0C4C7008EFC7E5754518A1ED7E1B5684FF1"
"lib/cleanup.ts","18DE6300979604EDF14D0189B85D9123DFB57126591D8F978428361CA6F1C2BF"
"lib/cleanup-scheduler.ts","350D52C9F2589FC9314B9A318883B4412C9A1B8B531717182D072F58F5FF024A"
"lib/config.ts","27DF1B4E83BFC670FAADB6DCB57B92227BE41213D2011E9FF3C8DD0B8F834075"
"lib/crypto.ts","41CBED882F5CA379A82D901B85547F16727FE494EE7D5AC3FA0A89D8E1AD553E"
"lib/db/index.ts","3007FE0E5D4284922C116E0F3EA56067353F9B29EC64487BFD678AA9E67EE5D5"
"lib/db/schema.ts","6DCA2244CFD327FA9DD32CE0B5694778226EEEBF5577EEB61909D5C20CB73976"
"lib/db/seed.ts","52F5DAF4599E74D2A4409F2026D7ED70F7495BA4CDA6FDD98BB7FE0D010BF63A"
"lib/endpoints/presets.ts","B6DF49B514875E2CD46159D133B3CA8141957F2DC0E986611C3512980AA88CAA"
"lib/endpoints/profile-resolver.ts","CFF32E68B08029A2929E80F719B9EB8E55507BC8639A4015B8B7B2154C74F143"
"lib/endpoints/registry.ts","CFCE30C09D7682DF6491C7D4B15723C6D11160F06C42288D95A5A9F396D22AAB"
"lib/endpoints/runner.ts","5CEF514DF5F6E4177BCBD129CF4C2B5C0AE6D6B1F2430262FA30F9C915EBE556"
"lib/errors.ts","AD9C6888B352BD83AE4439C70E443E13DA66C4540EEC00054E54305723886953"
"lib/file-url-downloader.ts","6C6A20E13706CEDCCC8FF337AE92235007509C4CE7E0901FDF188634A6F60F2C"
"lib/logger.ts","964356F54849A7339FE4AEB3A3AEB507E02E1D4B04AA88C2328EB2E3B9CCFEF0"
"lib/parsers/excel-parser.ts","1C34EBA9087D52B100BFEFBEC75833D2F2F7615565CE0706C5DB830B03530394"
"lib/parsers/factory.ts","44203DB7930D0F5D199663A3E161A575D209DA034AD2DBD46C0DA0B1E4442A81"
"lib/parsers/index.ts","8689DBC82832547678555528644538E8891C2C4D195C8E1C20E9DBBEAA5E895E"
"lib/parsers/interface.ts","D0B76DB6760560DB55A9DC944C9C74108963C15E6C7DC9285DEF6D2FC7769DD8"
"lib/parsers/word-parser.ts","0CE243232AEE203DB34B3799D8CC03B4AAF25835A19532739A59AEA6282A0C21"
"lib/pipelines/engine.ts","151382AF25226C014200897A891A71F6F0E9CD8D0951093D47989F1193374BA9"
"lib/pipelines/format.ts","2ABD7C9785F8F973DC92474C18797D53EA5F02E85328FDEF2AA834836F6669A9"
"lib/pipelines/processors/external-api.ts","0541A95FB6A2F4D29D88C617BD3420603DE365561AFF410EDACF79CBA48DE397"
"lib/pipelines/processors/http-client.ts","88410B4E5E76F13C0C832EEEA05D994D3E853F06F66CC0142C0CB2DD51EED1C8"
"lib/pipelines/processors/prompt-resolver.ts","74B041E3BD210AD05E4717B4CDFCCF9A0D1F96A5A7FAA027AECF28E63E48197D"
"lib/pipelines/processors/response-parser.ts","AB66026060BB8FE9A723214EC287C6F1E9114289DC9BB846196881EA47364055"
"lib/pipelines/submit.ts","93CAC55528037DD81F724799A75C46A2E4DA3E041B0BBB88A24B1F3EC883821E"
"lib/pipelines/validate.ts","75E02CBE721A1DFE5E9C9F30FFADE1D6E2247BA06378E0A8E6D50B1454170CD7"
"lib/pipelines/workflow-engine.ts","080904A54052A2205D2CDD204EAA1A01F4CDAC73F2271CE88C27C5A35EA34AFD"
"lib/pipelines/workflows/disbursement.ts","9F5A16C9EC1E714DAB3591A490B57EC2AF03713BB528A9271A0DDA40BB90C43B"
"lib/pipelines/workflows/doc-compare.ts","3FF5524B84D6FE5848D8385A6EC4753B3A0D941C7542564B4F920EFE8F91DD4C"
"lib/pipelines/workflows/lc-checker.ts","507490DA2E901D377E8722A0B865BE6DE76E9DCEE6F6D2057CB5C6F00B1D5357"
"lib/pipelines/workflows/prompts/disbursement-prompts.ts","293248784543FDB6129DB75EB8BC45024629B2845C8F1FDEFD6FC2C4393DFB8C"
"lib/pipelines/workflows/prompts/doc-compare-prompts.ts","BA9967B761BF4B6DBCEA72E8BA69671F62CC3742FD6AC468C11D5D60F109BC27"
"lib/pipelines/workflows/prompts/lc-checker-prompts.ts","92AD91504B8FE7301554463FF0338DF14A357F79EB7621A1F8F73A4A7360716D"
"lib/queue/pipeline-queue.ts","EA459B8EEC7D0678F0E9F85D34A691DA3C0D6E76BE17330257A42C004BF9E4E3"
"lib/queue/redis.ts","7E4A7E91F692954363F89DFE9DC1843771C603302AC8C9662D33AD8B2C7D4B28"
"lib/rate-limit.ts","D9D71D810C772183B65332A39E166FCE0B1086630172D5496B634C7D35FA3D2B"
"lib/rbac.ts","4D6B1D67E8B22933B5B612B7C03A267321E6F786C9F7DC058B9C8E161BF088C2"
"lib/settings.ts","DA717E7F9EFEC04EFDDC3EF685E02BC7210A56DF9B471B2FFBC065F424A494B0"
"lib/storage/dedup.ts","5F61156EC717C7AB8A23739D7E2B88D2CA961AFFF8766FA624F02E69FC542D4C"
"lib/storage/index.ts","55D7DF1702648263A3086AC27FF35F03E1AB5C170BE7156F7F72F6F86B02FE64"
"lib/storage/local-backend.ts","D29667F9B5DD75420CA2BCB9C36E1C25CC802FF10B09E4CEA964A1BF5B94957C"
"lib/storage/s3-backend.ts","26A06079CECD3D7E5E1088BEA6F954AB3DB5727A67CD7099A2DDC55AAE660D7B"
"lib/storage/types.ts","680D6ED2B35713A55B073673E5B1EFF9A88D32EC8B57BEA28F8801134281AFEE"
"lib/upload.ts","F25EBC4F5F8947AB3F406DEC6954CA43FB2F4904920E53DCF0F01A3A2A62E858"
"lib/upload-helper.ts","AD4C09AB036EE09B7006BB2DC714C8E5FD58EC8C29B229AA969DBE984F67FAF0"
"lib/utils.ts","22A7F2D073B3243BAB514BE8D786B3AA39C37DE76EEB6E7CD36B5291376F572B"
"lib/workflow-builder/binding.ts","23316A51BB93FB3643320A597D66AF76D33015D8C37B7B8630E4478B13062065"
"lib/workflow-builder/examples/schema-disbursement.ts","DED22F235EFE43B67327360BF94934BFB6D6AE4710312F5010582117B59E986E"
"lib/workflow-builder/interpreter.ts","1EA5AB61FC6715E90F39361FFEF6A9EF4AE4624D3912FED0B93EA959B2967078"
"lib/workflow-builder/loader.ts","3F2B819691D53759286215297A30C3950422A3B718D152A281E44BB98B3154CE"
"lib/workflow-builder/real-exec.ts","2343A07D7B146005BA10F06BE2D79A784C3CB476AA623D3FAD4003B714759652"
"lib/workflow-builder/run-schema.ts","30997DC79B338A9CCBDD7704A799C9EF3440852AB5312F0D299CAE923EFD6187"
"lib/workflow-builder/types.ts","21DC3B1D6EE191BECDC2BF9766CB06CABBA7A690885ABC8CCC516F7E215E2329"
"lib/workflow-builder/xml-converter.ts","4CB1A4F77D2623E4D3E5F852B1A3B9BE5F1E625F032A16B35A2935D269F8FE1D"
"lib/zip.ts","17DFBCCE3553DCA5519040E9998374B1C902D33D69C2F0F436D89C17298AD0B3"
"middleware.ts","38FD2671BB86E310A9582984B74172EFC80786234A505C4BACC7064D06319DA4"
"mock-service/responses/ext-classifier.js","C02980EEB0B7FB4A5F9F35B4B09180D5DBD0E324379F72A2E98D6EB8458BFE1A"
"mock-service/responses/ext-comparator.js","E32C32B0EB57366085E349AAB22597A7FA785A1F4A055D19A826C5DA4B882C04"
"mock-service/responses/ext-compliance.js","E34BCEE884D9EC40E0EF95B8BB5F23D77F1AA5C8058E5BD9BA750DB35B558655"
"mock-service/responses/ext-content-gen.js","4EC212AE15872AD4934CF8D0F7023B02D2953819D98F04DA37E8DB9D96EA962D"
"mock-service/responses/ext-data-extractor.js","3731E4C2490070519BFD22C084679640EC38E6ACA187497BC24CFB1465E0D710"
"mock-service/responses/ext-doc-compare.js","8853F1F316946B23601EA7F9EF10A13239C73DE66BE9C661E9B56CF9CEAD4A3E"
"mock-service/responses/ext-doc-layout.js","78BBEE2A0E9A6FCC0203AEB2CFDFA058E26CD11B5DE51F2423DB21D9871092C3"
"mock-service/responses/ext-fact-verifier.js","46CA53CCF569C9AB87595CA7377BE66F6A841AE42D511453E10B5E5FD8B1A937"
"mock-service/responses/ext-pdf-tools.js","68CB328E5AE8E3CAC1AEFEBCE040E6EF7CE30BE73960FFEC009A1513CFC51865"
"mock-service/responses/ext-prompt-wizard.js","DB714CE02CBB3AEBF3ABC5B2E42D5FD778D98C9718208A1ACD0724697F2C7ADD"
"mock-service/responses/ext-qa-engine.js","C82B8994BF5579916E952A096AB543E78FF51A76473BF0276E77531E69AF8A59"
"mock-service/responses/ext-quality-eval.js","9B189FDEB73BD89048E6B048B904C64C02EDF3E298945FBE4DCED597AA00F5CE"
"mock-service/responses/ext-redactor.js","385715334938BF82ABA49D317D6732CC288E4FC2BEA86B0082AAC9F3A4D84903"
"mock-service/responses/ext-rewriter.js","5D28E152BD437FFAD2D05B0B8195DE8C24D5B7E8D18E6B2C97223C8F190D38AC"
"mock-service/responses/ext-sentiment.js","28C3D1638EF72B7D2053F2735ADBA5704F18AF81DCAE231D75D0AB29A9BE1906"
"mock-service/responses/ext-translator.js","A4EB7B99BD9488F002FC45D81BA64D333F534568D9565DFC72AD8D435A90B236"
"mock-service/responses/ext-vision-reader.js","EA38739D63340BE13AD218493D6BDE4820FA122622834DA3017295D3C46495B2"
"mock-service/responses/sys-assistant.js","7440492C11971CB354C9BD507D941377DEE5A997BB176B16EABCBE48EB13C33B"
"mock-service/routes/connectors.js","B20460E27684E1C1E6A024E6E979C37ADEFBCDACB327B04727ED945A4DB528A3"
"mock-service/routes/health.js","30F00E21532029E76697AB8F3527950F780D0243403DEC1C128047FC5B7E302A"
"mock-service/routes/openai-e2e.js","816AF5F5551C8358EB5642D31509C94A3CDAA31D09D2426C4647160A76776D8F"
"mock-service/server.js","BB54F94DE66C8B173AA9698EEAB87451A4D09909DCDC9678AEC8836D3DC7C8B3"
"modify_page.js","DE4BCFA81F3AA0A628E934B4917DFB487134030A1080BA7DD06DBFE8CA3D83EB"
"next.config.mjs","AA803D45EDC3E463EAF1B2EC04D63AC1F0902BE34EA6CE2471F9AE6508555F8F"
"next-env.d.ts","E462A655754DB9DF18B4A657454A7B6A88717FFDED4E89403B2B3A47C6603FC3"
"postcss.config.mjs","DA1E5E8147FB42CBC582A60607FEA0DF35171AE60BD5617846C841568BBE2272"
"rename.js","FF4B024A9CFA85163C5111C94A7239B05C54875DF15983B4D6F129DD689AE0FB"
"replace.js","B139C4A6F734B6B689F684A1E24BCD9E7DCF861F001184CB498EADC0B8433898"
"scratch/check_filecache.js","9350E002B9CBB76B85FE311B25DB6095F93BBEC26319368E7799F439C93B7F52"
"scratch/check_ops.js","2ABB41E281C4320440AAD9A1851994FD549A7138635B35280680D9CE30F9B17A"
"scratch/check_s3.js","00F638A516DDC2217496C55E500BE6FFA6EC3B43D2E4F8528F02BA3F7B92B713"
"scratch/cleanup_empty.js","208DA62D1462D9E4A2712924C2BA5F3F32CC0D7AE603CB031B94B66A019FFD09"
"scratch/coord-update-0001.js","C7F3733CBE7458485448C2A7C38EA2726FCF93D512DF6209ACB1BFD742E0097D"
"scratch/coord-update-0004.js","A3891552606CDEF0669AACD8EF11F98BBE65AC0F2B506E18EB6566D44C47CF37"
"scratch/coord-update-0012.js","E75F3024E04F52AB9150327B2CD29B43D3C107674DDF1E2870848115670C4413"
"scratch/coord-update-0015.js","AF5025676DDF957071880B9F25E2923FD7292EBDA87FB187D377E4615FF12536"
"scratch/coord-update-0025.js","7293EDE40A4B570463A417B0C67B958E6B40B9EA396B2B35CD10AD350FF4429E"
"scratch/coord-update-0028.js","4F082E47D9C1C3D6F285AC4F04724A3FAAB801E42ED23885F3BEC1EFBC6C4811"
"scratch/coord-update-0036.js","CD7D6C5728A459676D1096E5701CC8B3435D1C7484B1C4C750030E01C1137855"
"scratch/coord-update-0044.js","20C3D389A8C1315BBA0F355944D4DF586AE882F3E81CC040081A9FC4DF07A42D"
"scratch/coord-update-0055.js","21ED887206B9A642812C94E1768E47A87EA06714B7247C3137BCD226423C7306"
"scratch/coord-update-0100.js","FEF3D305D49DC9DF4DB9B571787F994EE7A3D529D00A1366066210DE871C496A"
"scratch/coord-update-0106.js","6C3FD5A6DB989CE9CB63B73663BAE70630402461AC7C6CF9183539045C413ADD"
"scratch/coord-update-0112.js","A647622BB8B689E44B23AE072FFF8D401017E5B9307CB00BBDC9C3A920B0A0EE"
"scratch/coord-update-0125.js","7E94CCB890BA319CC819B9959C0A6194636568E95CAFA5D95F81109323CF4F8C"
"scratch/coord-update-0126.js","9FAFB5A690C64C376F50E551F41354C1520CA7EB5047D0A6B1EF3A24BB800DAE"
"scratch/coord-update-0128.js","15A5015FAC9688222E1C831ECAF0830210A6766E4C998AF3759B158DC71B20CA"
"scratch/coord-update-0137.js","AA9CB69E4F0E460B6AAAB89B28E61023656B2E829AE838920A9FB3884DEE9A13"
"scratch/coord-update-0145.js","9C71385679CEC6A7279A4F2E33E983D32FD0E289598EF14557FDA04F4F108EEA"
"scratch/coord-update-0148.js","1D1A51E553E2D8F52C354B4C1A6663A1B216D5B6CCF06BEE725CE86AB461C62A"
"scratch/coord-update-0202.js","E9DCC145360BBFA207584367F2658023F3F0B064FF2443DBB4DB7B33621EF6E9"
"scratch/coord-update-0206.js","5DD362921F790170558DC82E0F8BDA529AEAA0E033744B627B4782B43AD25C48"
"scratch/coord-update-0218.js","C7D13E179EFD9D1B8A2CB87FEC7B76245F358003312CAC5CA739398C56BD7186"
"scratch/coord-update-0230.js","CA14D9F92248349519C1EE5F62938D97821276F6270DD7A61CBFD16DBF01DB2E"
"scratch/coord-update-0236.js","498EA15905D94C4FFAC57C2085371B4E49D312F0CD7DF4B736DA31BCEDF533CD"
"scratch/coord-update-0239.js","BC14D646F81206D8315EEF0FE7A6A7C28ACAE9B91BECBEC7FE4198262FD92861"
"scratch/coord-update-0244.js","3783EAA79AE92C0312A8AAC1825106D69393F23ED40BA6174D661FC5395E7992"
"scratch/coord-update-0248.js","37D552C8F50E6C15BE79ED2A69116F15937F2C0F9178B817C41E65FAB6739427"
"scratch/coord-update-0250.js","84F9B6CED6D0F63EE8AFCC651E6B192582E2306BE0AA6BAE1E65AF083D416961"
"scratch/coord-update-1805.js","16A1D39D643FBCD6BDDCC23090C6DA5DC5AE60EBFE7243255497FFFEA82C7F73"
"scratch/coord-update-1820.js","B581012FF565B9BB6F7B664C3774E76E63C1205306AACC4EEA790C51D928177E"
"scratch/coord-update-1830.js","885B7B4A92D4F87214EED33DF372AD14632993DFE255DE3C6F605EEE1A597A94"
"scratch/coord-update-1836.js","2628643CD51A57F34D3230954B554847618FDD2BA8A8263473076C7FD3C04339"
"scratch/coord-update-1840.js","AC133C9984DA06E7F9FF4A6A8E7281FB0623479E98297A77E49273817C3146D9"
"scratch/coord-update-1845.js","9562DF85B075566A5AC1F7D67DE61A1ED626994C2C5CBE184526F0E07B170275"
"scratch/coord-update-1855.js","EE57F2C94ADD5F1DA23128125FED47C185D2E04AD080B5727CCC234AF135ADA9"
"scratch/coord-update-1900.js","BD9B773E36B72186C8395D4675CD90C3ED12F4B84DE7271B55F1EFDF575D0F83"
"scratch/coord-update-1905.js","3ACD3D7336B78101B34856D0D129DCFA759402D9307F7384D404C9BFAE087D94"
"scratch/coord-update-1910.js","35488D681D112F76002A039D4E052AB62DEADF27314605D259FA1BA1CA3BD99E"
"scratch/coord-update-1920.js","A669AA468569E09FA095971138B6A12EAB109F932920CC14723EA61591499FE8"
"scratch/coord-update-1930.js","13A04926176ADE724CF3E415629D0CDE33644045BAFC7B64707E218BC82C738E"
"scratch/coord-update-1935.js","00075C7AFC0CE798B7257E5EE1F0B4DD4AE39BAD2418DF4B84A4E617C80EF6AC"
"scratch/coord-update-1940.js","DFEAAA5B4C472B51490EED820C7CB9F160905567A515BAD39B81483895223F04"
"scratch/coord-update-1945.js","58AF6F945A7952B20E186FEA3085C04B949A2ADEC57CFAE0C16B18286833DED4"
"scratch/coord-update-1955.js","4C18CA94BB815069A63A5BD70D424B8CC5AA7985E843ED9FC24D0959946B0BB7"
"scratch/coord-update-2005.js","0E9F94781B792054A5E8F5DCD7B91EA11FBA5E0A727DDE1A85C973D009D9DD4C"
"scratch/coord-update-2010.js","C19F3591DB8FABFC609699832D1F9610AE01B7022D3917B8A91F13E64F02A9C0"
"scratch/coord-update-2015.js","4661AED7DF3EC178B1834E08A5B1D5909BD36393FC8A776B99F17AF1E7E585C6"
"scratch/coord-update-2025.js","CF8EF68557F4FF6AB7C07D247F38803D0982BE33E5980964399013394E3C35C3"
"scratch/coord-update-2030.js","84D4B5B319C639E13DAF630D85EB20A8EB6DFD96EFF20899226F2CE7A454E4A1"
"scratch/coord-update-2035.js","10F4155B6D4A2D4521D54B45D620F47D99FA5F13CA97FB3D9D09654A40375974"
"scratch/coord-update-2043.js","2865F3ADB5227EECFBE0E5BBD92AB18C815D341C3BD4039064D38B6A1C7F10B5"
"scratch/coord-update-2052.js","3CB20BBC5CD83A1BE2EE52971E38E8063520DD46DA53FB838429C12C8EDEA1C8"
"scratch/coord-update-2101.js","5F6115F4B6B97F88D2B879DB3FDC8EB629CBBEE8BB14F21CA3FC4087607D0BE6"
"scratch/coord-update-2105.js","E81FC3473F32040DE59B2B3C2CE461D00D83C22C5D60C865B5E74825E6B8525E"
"scratch/coord-update-2113.js","E7324E3087DE3A1A31AB349B762E913B3CB2F21892902DBB59B79DDA2034ED04"
"scratch/coord-update-2123.js","1F8D521033CFABB96B7153F19780C8C3525E992E42A9F36B20DE59C3FB92B764"
"scratch/coord-update-2133.js","27C287E76F1F5288A39C2DA1E8566934146A4DBFF3346358D3A4E3DD0E685DD9"
"scratch/coord-update-2137.js","AA69CE016D3547FEF0C0FFAED49D6ADA33E2C5B1886874220F5515762D7311B6"
"scratch/coord-update-2149.js","08A8F6B161CF224EFC0F09DBC7A08D54E27CD5BD67ECF25E88EC98071DB28023"
"scratch/coord-update-2155.js","85D3E1E7B3A28A4C46E9E616B89A4401E9C2617497A971323B0532C6E5E1810F"
"scratch/coord-update-2202.js","863E5FB755D468C00D599DD09C334274960A3DA6F1A50589E854F6D0F68FA9F2"
"scratch/coord-update-2205.js","8AF86DD3A5592ADD155C3BB9AA41D7BE5A2DF581F69105EDE1083B1ED0E29BAB"
"scratch/coord-update-2215.js","F9CBE59565DF269E2528724A94730A40118BE98A19A8C53DA89B5A252ECBFCF2"
"scratch/coord-update-2225.js","0DF1795BA75BC2A3C012A95F2CC49A638340A45C47BA6C1E01959DE779688C96"
"scratch/coord-update-2233.js","DD30B98D82CE53946129116153C37CEE2E1CD787008FE91BCDA5E3E0E6AD8F35"
"scratch/coord-update-2238.js","6B0706AEB16E5A97AB6D7E850EA17E14FC2B6CA124612257D97BAD61699E5F5F"
"scratch/coord-update-2248.js","8B76F49E03762AEA6AD739B2BEF37C14407276AB289F563D56109D2AEF45A503"
"scratch/coord-update-2258.js","AB91062241D415B73B6B53A9D7FD0824DFE932A40129E29EBC31A9D983F25498"
"scratch/coord-update-2305.js","0BAB983960F6CF4A9485BC0BBA9C155D9682DAB2AF9A1E474A382AF7EF251B82"
"scratch/coord-update-2312.js","CDE5972E0D113D29117DA2A5F06059F7A9FCD90292C4C60CDFA8A7E3E970C24C"
"scratch/coord-update-2313.js","B7FD94FC0A4615D91DB56006CFFD8E3D69C5A18DAD9D6BB7CB19B50B3D944252"
"scratch/coord-update-2325.js","062E71F594AB50A2A5BAD0D21904EA6F3EB7D6C51F8626A46C09CB6AF56CC255"
"scratch/coord-update-2335.js","ED7CA40D19C6234C97A363125B00E06634F3E59D01CD26F0715B5C32F2EFAC80"
"scratch/coord-update-2340.js","71B57875363DA87C36BC38AAA30E96A4A178572EC60C0ED5A5F4A1E825C4D740"
"scratch/coord-update-2348.js","707EC437492E06558EC13A30778FFBCCA13AD3C191C584DB68984F17F7C09CDD"
"scratch/coord-update-2350.js","D3E4B6007305D61E1D3EC8A62FBD6AAC0CE9A41582C2DD043321B55A76D6AB46"
"scratch/coord-update-2352.js","48F6607C5BE2C4CF3066E4C57171B56BF805FF1991FB06A787E6E220E19B59B2"
"scratch/coord-update-2356.js","D1924EC0880A72E06DDD6B1D0BC43C81F1D88585CEF2A8FFED2689CBA5976320"
"scratch/fix-state.js","6B1C80707AFA72CC130EFC435627EB53E67AB63D60050CDE8595BDB641A59B68"
"scratch/list_tables.js","3955196329061604C02ED65456F0EB18CC9995BB38FC0F07DF719169F996B5FD"
"scratch/patch-1825.js","9B88DD0B07E17F7EB6ACE0A8231B93CF126F5E3A2CB3B2DE6F31084C32D5E94C"
"scratch/query.sql","529AF8DAE69DF37FA9DF3A8B1F7AD37BD158532988D48895EA2002C35280563D"
"scratch/verify-780-pins.js","43F92E6193FAC9A9BE94E957527EBED23B08134F2F4DEEBE1739C5BC20C21FF8"
"scripts/clean-db-br.js","4F9488C403928E42BE56880A3D2C12A760B05FD18C0D175B8ED7FB3C8F2FF860"
"scripts/fix-br.js","1D30E1AB9911905880060EFC56C9B2A63809FA197789C93F75CDFD397234F857"
"scripts/fix-registry.js","DE0F00EB3E96439A1D7E7CF6025748A5864AD8AA2412FE8698E356D1C74A8694"
"scripts/list-params.ts","E83726C634B6C99A432BBF47C9F9243B2FC8C8CDD717E9657F08F77E4AB9F7FA"
"scripts/migrate-params.js","AC1E9975641315B1F005E06C7820C7AB2187B9F3BEB5B362D0D20ED74B881AC5"
"tailwind.config.ts","4DB03FDA294FBCFF9E1806B5196591B0C457FF65DFFF1559D791EB7D1C78B341"
"tmp/create_comparison.sql","6BE016BF33C1E58BDC19C742108170F44937B3AC6F16A03CEC079041F2B04DCA"
"tmp/drop_comparison.sql","E48DC7B98301696E4389DACCA69F006D30863DBFF48BBB6F1CAF48640E07F6C7"
"tmp/fix.js","C113D42FEA4FA24103A2043D46C11414F8E5D2D07669278A36E9B3A370282203"
"tmp/fix_migration.sql","CB59023F34E9049B03441033E527FB08555988456B581FB9F6F8ECA9DD6A3980"
"tmp/generate_seed.js","59733500F729111EF45D79A2C31A2483DCD419FA293275E40937ED832ACB526A"
"types/auth.d.ts","950E99FF778D0A7471AAEB3982DAF2755578EF964342660AC72B69095D74DB14"
"worker.js","82059E455ED02134F04017039FB4A68833BA56D48EC1540A0F52A492DED5CD6A"
"worker.ts","4826C330F1D95ECC9BDC80D04A0F521203207FA7C0EF13D782366EF8BE2D419A"
